username,password,email
james,jamespass,james@mail.com
mary,marypass,mary@mail.com
john,johnpass,john@mail.com
michael,michaelpass,micheal@mail.com
jennifer,jenniferpass,jennifer@mail.com
elizabeth,elizabethpass,elizabeth@mail.com
william,williampass,william@mail.com
david,davidpass,david@mail.com
richard,richardpass,richard@mail.com
jessica,jessicapass,jessica@mail.com
matthew,matthewpass,matthew@mail.com
charles,charlespass,charles@mail.com
sarah,sarahpass,sarah@mail.com
anthony,anthonypass,anthony@mail.com
ashley,ashleypass,ashley@mail.com
steven,stevenpass,steven@mail.com
andrew,andrewpass,andrew@mail.com
kevin,kevinpass,kevin@mail.com
michelle,michellepass,michelle@mail.com
emily,emilypass,emily@mail.com
brian,brianpass,brian@mail.com
jason,jasonpass,jason@mail.com
mark,markpass,mark@mail.com
amy,amypass,amy@mail.com
eric,ericpass,eric@mail.com
samantha,samanthapass,samantha@mail.com
jonathan,jonathanpass,jonathan@mail.com
ryan,ryanpass,ryan@mail.com
brandon,brandonpass,brandon@mail.com
isabella,isabellapass,isabella@mail.com